insert into ingredients(id, name,price, veggie) values ('1','pomodoro','100', '1');
insert into ingredients(id, name,price, veggie) values ('2','mozzarella','200', '1');
insert into ingredients(id, name,price, veggie) values ('3','prosciutto','300', '0');
insert into ingredients(id, name,price, veggie) values ('4','funghi','300', '1');
insert into ingredients(id, name,price, veggie) values ('5','salame piccante','400', '0');
insert into ingredients(id, name,price, veggie) values ('6','tonno','200', '0');
insert into ingredients(id, name,price, veggie) values ('7','cipolla','100', '1');
insert into ingredients(id, name,price, veggie) values ('8','mortadella','400', '0');
insert into ingredients(id, name,price, veggie) values ('9','pistacchi','500', '1');
insert into ingredients(id, name,price, veggie) values ('10','burrata','500', '1');
insert into ingredients(id, name,price, veggie) values ('11','salsiccia','400', '0');
insert into ingredients(id, name,price, veggie) values ('12','friarielli','300', '1');
insert into ingredients(id, name,price, veggie) values ('13','origano','200', '1');
insert into ingredients(id, name,price, veggie) values ('14','speck','300', '0');
insert into ingredients(id, name,price, veggie) values ('15','brie','300', '1');
insert into ingredients(id, name,price, veggie) values ('16','olive','300', '1');
insert into ingredients(id, name,price, veggie) values ('17','verdure grigliate','200', '1');
insert into ingredients(id, name,price, veggie) values ('18','gorgonzola','300', '1');
insert into ingredients(id, name,price, veggie) values ('19','fontina','300', '1');
insert into ingredients(id, name,price, veggie) values ('20','pinoli','100', '1');
insert into ingredients(id, name,price, veggie) values ('21','pesto','200', '1');
insert into ingredients(id, name,price, veggie) values ('22','patate','200', '1');




insert into pizzas(id, name) values ('1','marinara');
insert into pizzas(id, name) values ('2','margherita');
insert into pizzas(id, name) values ('3','prosciutto e funghi');
insert into pizzas(id, name) values ('4','4 formaggi');
insert into pizzas(id, name) values ('5','diavola');
insert into pizzas(id, name) values ('6','ligure');
insert into pizzas(id, name) values ('7','salsiccia e friarielli');
insert into pizzas(id, name) values ('8','vegetariana');
insert into pizzas(id, name) values ('9','tonno e cipolla');
insert into pizzas(id, name) values ('10','speck e brie');
insert into pizzas(id, name) values ('11','mortadella e pistacchi');



insert into pizzas_ingredients(pizza_id,ingredient_id) values ('1','1');
insert into pizzas_ingredients(pizza_id,ingredient_id) values ('1','13');
insert into pizzas_ingredients(pizza_id,ingredient_id) values ('1','16');
insert into pizzas_ingredients(pizza_id,ingredient_id) values ('2','1');
insert into pizzas_ingredients(pizza_id,ingredient_id) values ('2','2');
insert into pizzas_ingredients(pizza_id,ingredient_id) values ('3','1');
insert into pizzas_ingredients(pizza_id,ingredient_id) values ('3','2');
insert into pizzas_ingredients(pizza_id,ingredient_id) values ('3','3');
insert into pizzas_ingredients(pizza_id,ingredient_id) values ('3','4');
insert into pizzas_ingredients(pizza_id,ingredient_id) values ('4','2');
insert into pizzas_ingredients(pizza_id,ingredient_id) values ('4','18');
insert into pizzas_ingredients(pizza_id,ingredient_id) values ('4','19');
insert into pizzas_ingredients(pizza_id,ingredient_id) values ('4','10');
insert into pizzas_ingredients(pizza_id,ingredient_id) values ('5','1');
insert into pizzas_ingredients(pizza_id,ingredient_id) values ('5','2');
insert into pizzas_ingredients(pizza_id,ingredient_id) values ('5','5');
insert into pizzas_ingredients(pizza_id,ingredient_id) values ('6','1');
insert into pizzas_ingredients(pizza_id,ingredient_id) values ('6','20');
insert into pizzas_ingredients(pizza_id,ingredient_id) values ('6','21');
insert into pizzas_ingredients(pizza_id,ingredient_id) values ('6','22');
insert into pizzas_ingredients(pizza_id,ingredient_id) values ('7','1');
insert into pizzas_ingredients(pizza_id,ingredient_id) values ('7','2');
insert into pizzas_ingredients(pizza_id,ingredient_id) values ('7','11');
insert into pizzas_ingredients(pizza_id,ingredient_id) values ('7','12');
insert into pizzas_ingredients(pizza_id,ingredient_id) values ('8','1');
insert into pizzas_ingredients(pizza_id,ingredient_id) values ('8','16');
insert into pizzas_ingredients(pizza_id,ingredient_id) values ('8','17');
insert into pizzas_ingredients(pizza_id,ingredient_id) values ('8','20');
insert into pizzas_ingredients(pizza_id,ingredient_id) values ('9','1');
insert into pizzas_ingredients(pizza_id,ingredient_id) values ('9','2');
insert into pizzas_ingredients(pizza_id,ingredient_id) values ('9','6');
insert into pizzas_ingredients(pizza_id,ingredient_id) values ('9','7');
insert into pizzas_ingredients(pizza_id,ingredient_id) values ('10','1');
insert into pizzas_ingredients(pizza_id,ingredient_id) values ('10','2');
insert into pizzas_ingredients(pizza_id,ingredient_id) values ('10','14');
insert into pizzas_ingredients(pizza_id,ingredient_id) values ('10','15');
insert into pizzas_ingredients(pizza_id,ingredient_id) values ('11','1');
insert into pizzas_ingredients(pizza_id,ingredient_id) values ('11','10');
insert into pizzas_ingredients(pizza_id,ingredient_id) values ('11','8');
insert into pizzas_ingredients(pizza_id,ingredient_id) values ('11','9');