insert into ingredients(id, name,price, veggie) values ('1','pomodoro','100', '1');
insert into ingredients(id, name,price, veggie) values ('2','mozzarella','200', '1');
insert into ingredients(id, name,price, veggie) values ('3','prosciutto','300', '0');
insert into ingredients(id, name,price, veggie) values ('4','funghi','300', '1');
insert into ingredients(id, name,price, veggie) values ('5','salame piccante','400', '0');
insert into ingredients(id, name,price, veggie) values ('6','tonno','200', '0');
insert into ingredients(id, name,price, veggie) values ('7','cipolla','100', '1');
insert into ingredients(id, name,price, veggie) values ('8','mortadella','400', '0');
insert into ingredients(id, name,price, veggie) values ('9','pistacchi','500', '1');
insert into ingredients(id, name,price, veggie) values ('10','burrata','500', '1');
insert into ingredients(id, name,price, veggie) values ('11','salsiccia','400', '0');
insert into ingredients(id, name,price, veggie) values ('12','friarielli','300', '1');
insert into ingredients(id, name,price, veggie) values ('13','origano','200', '1');
insert into ingredients(id, name,price, veggie) values ('14','speck','300', '0');
insert into ingredients(id, name,price, veggie) values ('15','brie','300', '1');
insert into ingredients(id, name,price, veggie) values ('16','olive','300', '1');
insert into ingredients(id, name,price, veggie) values ('17','verdure grigliate','200', '1');
insert into ingredients(id, name,price, veggie) values ('18','gorgonzola','300', '1');
insert into ingredients(id, name,price, veggie) values ('19','fontina','300', '1');
insert into ingredients(id, name,price, veggie) values ('20','pinoli','100', '1');
insert into ingredients(id, name,price, veggie) values ('21','pesto','200', '1');
insert into ingredients(id, name,price, veggie) values ('22','patate','200', '1');

insert into items_type(id,type) values('1','pizza');
insert into items_type(id,type) values('2','drink');
insert into items_type(id,type) values('3','dessert');

insert into items(items_type_id, name) values ('1','marinara');
insert into items(items_type_id, name) values ('1','margherita');
insert into items(items_type_id, name) values ('1','prosciutto e funghi');
insert into items(items_type_id, name) values ('1','4 formaggi');
insert into items(items_type_id, name) values ('1','diavola');
insert into items(items_type_id, name) values ('1','ligure');
insert into items(items_type_id, name) values ('1','salsiccia e friarielli');
insert into items(items_type_id, name) values ('1','vegetariana');
insert into items(items_type_id, name) values ('1','tonno e cipolla');
insert into items(items_type_id, name) values ('1','speck e brie');
insert into items(items_type_id, name) values ('1','mortadella e pistacchi');

insert into items(items_type_id, name,price) values ('2', 'coca cola','2');
insert into items(items_type_id, name,price) values ('2', 'coca cola zero','2');
insert into items(items_type_id, name,price) values ('2', 'fanta','2');
insert into items(items_type_id, name,price) values ('2', 'sprite','2');
insert into items(items_type_id, name,price) values ('2', 'orangina','3');

insert into items(items_type_id, name,price) values ('3', 'tiramisù','10');
insert into items(items_type_id, name,price) values ('3', 'torta alle mele','6');
insert into items(items_type_id, name,price) values ('3', 'panna cotta','8');




insert into items_ingredients(items_id,ingredients_id) values ('1','1');
insert into items_ingredients(items_id,ingredients_id) values ('1','13');
insert into items_ingredients(items_id,ingredients_id) values ('1','16');
insert into items_ingredients(items_id,ingredients_id) values ('2','1');
insert into items_ingredients(items_id,ingredients_id) values ('2','2');
insert into items_ingredients(items_id,ingredients_id) values ('3','1');
insert into items_ingredients(items_id,ingredients_id) values ('3','2');
insert into items_ingredients(items_id,ingredients_id) values ('3','3');
insert into items_ingredients(items_id,ingredients_id) values ('3','4');
insert into items_ingredients(items_id,ingredients_id) values ('4','2');
insert into items_ingredients(items_id,ingredients_id) values ('4','18');
insert into items_ingredients(items_id,ingredients_id) values ('4','19');
insert into items_ingredients(items_id,ingredients_id) values ('4','10');
insert into items_ingredients(items_id,ingredients_id) values ('5','1');
insert into items_ingredients(items_id,ingredients_id) values ('5','2');
insert into items_ingredients(items_id,ingredients_id) values ('5','5');
insert into items_ingredients(items_id,ingredients_id) values ('6','1');
insert into items_ingredients(items_id,ingredients_id) values ('6','20');
insert into items_ingredients(items_id,ingredients_id) values ('6','21');
insert into items_ingredients(items_id,ingredients_id) values ('6','22');
insert into items_ingredients(items_id,ingredients_id) values ('7','1');
insert into items_ingredients(items_id,ingredients_id) values ('7','2');
insert into items_ingredients(items_id,ingredients_id) values ('7','11');
insert into items_ingredients(items_id,ingredients_id) values ('7','12');
insert into items_ingredients(items_id,ingredients_id) values ('8','1');
insert into items_ingredients(items_id,ingredients_id) values ('8','16');
insert into items_ingredients(items_id,ingredients_id) values ('8','17');
insert into items_ingredients(items_id,ingredients_id) values ('8','20');
insert into items_ingredients(items_id,ingredients_id) values ('9','1');
insert into items_ingredients(items_id,ingredients_id) values ('9','2');
insert into items_ingredients(items_id,ingredients_id) values ('9','6');
insert into items_ingredients(items_id,ingredients_id) values ('9','7');
insert into items_ingredients(items_id,ingredients_id) values ('10','1');
insert into items_ingredients(items_id,ingredients_id) values ('10','2');
insert into items_ingredients(items_id,ingredients_id) values ('10','14');
insert into items_ingredients(items_id,ingredients_id) values ('10','15');
insert into items_ingredients(items_id,ingredients_id) values ('11','1');
insert into items_ingredients(items_id,ingredients_id) values ('11','10');
insert into items_ingredients(items_id,ingredients_id) values ('11','8');
insert into items_ingredients(items_id,ingredients_id) values ('11','9');
